{
  "IcoMoonType": "selection",
  "icons": [
    {
      "icon": {
        "paths": [
          "M663.040 548.198l36.198-36.198-289.638-289.638-72.397 72.397 217.19 217.242-217.19 217.242 72.397 72.397 253.44-253.44z"
        ],
        "attrs": [],
        "isMulticolor": false,
        "isMulticolor2": false,
        "tags": [
          "cheveron-right"
        ],
        "grid": 20
      },
      "attrs": [],
      "properties": {
        "id": 82,
        "order": 2,
        "prevSize": 20,
        "name": "cheveron-right"
      },
      "setIdx": 0,
      "setId": 10,
      "iconIdx": 81
    },
    {
      "icon": {
        "paths": [
          "M512 1024s-358.4-467.456-358.4-665.6c0-197.939 160.461-358.4 358.4-358.4s358.4 160.461 358.4 358.4v0c0 198.144-358.4 665.6-358.4 665.6zM512 460.8c56.554 0 102.4-45.846 102.4-102.4s-45.846-102.4-102.4-102.4v0c-56.554 0-102.4 45.846-102.4 102.4s45.846 102.4 102.4 102.4v0z"
        ],
        "attrs": [],
        "isMulticolor": false,
        "isMulticolor2": false,
        "tags": [
          "location"
        ],
        "grid": 20
      },
      "attrs": [],
      "properties": {
        "id": 164,
        "order": 4,
        "prevSize": 20,
        "name": "location"
      },
      "setIdx": 0,
      "setId": 10,
      "iconIdx": 163
    }
  ],
  "height": 1024,
  "preferences": {
    "showGlyphs": true,
    "showQuickUse": true,
    "showQuickUse2": true,
    "showSVGs": false,
    "fontPref": {
      "prefix": "icon-",
      "metadata": {
        "fontFamily": "icomoon"
      },
      "metrics": {
        "emSize": 1024,
        "baseline": 6.25,
        "whitespace": 50
      },
      "embed": false
    },
    "imagePref": {
      "prefix": "icon-",
      "png": false,
      "useClassSelector": true,
      "color": 0,
      "bgColor": 16777215,
      "classSelector": ".icon",
      "name": "icomoon",
      "height": 32,
      "columns": 16,
      "margin": 16
    },
    "historySize": 50,
    "showCodes": true,
    "gridSize": 16
  }
}